PRAGMA foreign_keys = ON;

INSERT INTO Utilizador(id,username,nome,email,ultimoLogin) VALUES (0, 'Élia667', 'Élia Bilhalva Domingues', 'Élia667@fe.up.pt', strftime('%s', '2019-08-22 15:47:20'));
INSERT INTO Utilizador(id,username,nome,email,ultimoLogin) VALUES (1, 'Caetano264', 'Caetano Cardoso Abelho', 'Caetano264@fe.up.pt', strftime('%s', '2019-05-13 10:10:59'));
INSERT INTO Utilizador(id,username,nome,email,ultimoLogin) VALUES (2, 'Gabriel474', 'Gabriel Cavadas Linhares', 'Gabriel474@outlook.com', strftime('%s', '2019-02-06 18:58:59'));
INSERT INTO Utilizador(id,username,nome,email,ultimoLogin) VALUES (3, 'Dária488', 'Dária Camilo Sítima', 'Dária488@gmail.com', strftime('%s', '2019-05-03 19:28:48'));
INSERT INTO Utilizador(id,username,nome,email,ultimoLogin) VALUES (4, 'Ismael688', 'Ismael Miguéis Frota', 'Ismael688@fe.up.pt', strftime('%s', '2019-11-01 07:56:37'));
INSERT INTO Utilizador(id,username,nome,email,ultimoLogin) VALUES (5, 'Silvestre386', 'Silvestre Lamenha Tavares', 'Silvestre386@gmail.com', strftime('%s', '2019-05-09 06:07:03'));
INSERT INTO Utilizador(id,username,nome,email,ultimoLogin) VALUES (6, 'Hao938', 'Hao Eiró Bicalho', 'Hao938@hotmail.com', strftime('%s', '2020-06-24 09:41:18'));
INSERT INTO Utilizador(id,username,nome,email,ultimoLogin) VALUES (7, 'Joaquim144', 'Joaquim Aveiro Lucas', 'Joaquim144@outlook.com', strftime('%s', '2019-11-25 17:20:13'));
INSERT INTO Utilizador(id,username,nome,email,ultimoLogin) VALUES (8, 'Gonçalo172', 'Gonçalo Banha Marins', 'Gonçalo172@fe.up.pt', strftime('%s', '2020-04-23 22:50:29'));
INSERT INTO Utilizador(id,username,nome,email,ultimoLogin) VALUES (9, 'Liara51', 'Liara Prates Quinta', 'Liara51@outlook.com', strftime('%s', '2020-09-08 17:03:50'));
INSERT INTO Utilizador(id,username,nome,email,ultimoLogin) VALUES (10, 'Anderson273', 'Anderson Tristão Morão', 'Anderson273@outlook.com', strftime('%s', '2019-02-17 15:15:17'));
INSERT INTO Utilizador(id,username,nome,email,ultimoLogin) VALUES (11, 'Adrian32', 'Adrian Gouveia Camarinho', 'Adrian32@gmail.com', strftime('%s', '2019-01-03 00:05:00'));
INSERT INTO Utilizador(id,username,nome,email,ultimoLogin) VALUES (12, 'Henzo32', 'Henzo Lessa Vides', 'Henzo32@hotmail.com', strftime('%s', '2020-04-09 03:29:46'));
INSERT INTO Utilizador(id,username,nome,email,ultimoLogin) VALUES (13, "yasmin570", "Yasmin Rosa Veloso", "yasmin570@gmail.com", strftime('%s', '2020-10-18 09:09:56'));
INSERT INTO Utilizador(id,username,nome,email,ultimoLogin) VALUES (14, 'mikeG20', 'Miguel Gomes', 'mikeG@fe.up.pt', strftime('%s', '2020-09-03 21:14:11'));
INSERT INTO Utilizador(id,username,nome,email,ultimoLogin) VALUES (15, 'Haniel164', 'Haniel Teles Faleiro', 'Haniel164@gmail.com', strftime('%s', '2020-01-25 07:47:48'));
INSERT INTO Utilizador(id,username,nome,email,ultimoLogin) VALUES (16, 'Davide74', 'Davide Bicudo Pais', 'Davide74@hotmail.com', strftime('%s', '2020-09-21 04:29:06'));
INSERT INTO Utilizador(id,username,nome,email,ultimoLogin) VALUES (17, 'Amelia606', 'Amelia Letras Paredes', 'Amelia606@outlook.com', strftime('%s', '2020-05-25 12:02:41'));
INSERT INTO Utilizador(id,username,nome,email,ultimoLogin) VALUES (18, 'Alicia840', 'Alicia Nóbrega Valente', 'Alicia840@outlook.com', strftime('%s', '2019-05-04 23:23:12'));
INSERT INTO Utilizador(id,username,nome,email,ultimoLogin) VALUES (19, 'Hafsa342', 'Hafsa Basílio Narvais', 'Hafsa342@hotmail.com', strftime('%s', '2019-07-11 11:25:51'));
INSERT INTO Utilizador(id,username,nome,email,ultimoLogin) VALUES (20, 'Zion861', 'Zion Nogueira Noronha', 'Zion861@outlook.com', strftime('%s', '2020-08-14 13:05:27'));
INSERT INTO Utilizador(id,username,nome,email,ultimoLogin) VALUES (21, 'Josué521', 'Josué Rebocho Benevides', 'Josué521@outlook.com', strftime('%s', '2020-11-28 00:29:20'));
INSERT INTO Utilizador(id,username,nome,email,ultimoLogin) VALUES (22, 'Brayan593', 'Brayan Piteira Carromeu', 'Brayan593@fe.up.pt', strftime('%s', '2019-09-27 13:36:00'));
INSERT INTO Utilizador(id,username,nome,email,ultimoLogin) VALUES (23, 'Glória779', 'Glória Raposo Faro', 'Glória779@gmail.com', strftime('%s', '2019-12-17 07:07:38'));
INSERT INTO Utilizador(id,username,nome,email,ultimoLogin) VALUES (24, 'Adrián673', 'Adrián Almeida Brasil', 'Adrián673@gmail.com', strftime('%s', '2020-12-27 00:52:36'));
INSERT INTO Utilizador(id,username,nome,email,ultimoLogin) VALUES (25, 'Leo985', 'Leo Proença Quental', 'Leo985@hotmail.com', strftime('%s', '2019-07-09 23:01:41'));
INSERT INTO Utilizador(id,username,nome,email,ultimoLogin) VALUES (26, 'Noémi764', 'Noémi Lousada Malafaia', 'Noémi764@fe.up.pt', strftime('%s', '2020-03-21 20:20:05'));
INSERT INTO Utilizador(id,username,nome,email,ultimoLogin) VALUES (27, 'Ayra606', 'Ayra Mena Rios', 'Ayra606@gmail.com', strftime('%s', '2020-07-01 03:02:21'));
INSERT INTO Utilizador(id,username,nome,email,ultimoLogin) VALUES (28, 'Jessie21', 'Jessie Simões Saldanha', 'Jessie21@hotmail.com', strftime('%s', '2019-08-23 14:11:07'));
INSERT INTO Utilizador(id,username,nome,email,ultimoLogin) VALUES (29, 'Miguela153', 'Miguela Pontes Foquiço', 'Miguela153@fe.up.pt', strftime('%s', '2020-10-02 23:45:18'));
INSERT INTO Utilizador(id,username,nome,email,ultimoLogin) VALUES (30, "galp","Galp","contato@galp.pt", strftime('%s', '2021-03-08 14:56:00'));
INSERT INTO Utilizador(id,username,nome,email,ultimoLogin) VALUES (31, "cisco", "Cisco", "contato@cisco.pt", strftime('%s', '2021-02-26 09:46:52'));
INSERT INTO Utilizador(id,username,nome,email,ultimoLogin) VALUES (32, "tridonic_pt", "Tridonic Portugal", "contato@tridonic.pt", strftime('%s', '2019-03-02 15:57:24'));
INSERT INTO Utilizador(id,username,nome,email,ultimoLogin) VALUES (33, "amazon", "Amazon", "contacto@amazon.es", strftime('%s', '2021-02-09 03:02:53'));
INSERT INTO Utilizador(id,username,nome,email,ultimoLogin) VALUES (34, "facebook", "Facebook", "contacto@facebook.com", strftime('%s', '2021-02-09 03:02:53'));
INSERT INTO Utilizador(id,username,nome,email,ultimoLogin) VALUES (35, "messenger", "Messenger", "contacto@messenger.com", strftime('%s', '2021-02-09 03:02:53'));


INSERT INTO Jogador(id, rating, numCompeticoes) VALUES (0,0,0);
INSERT INTO Jogador(id, rating, numCompeticoes) VALUES (1,0,0);
INSERT INTO Jogador(id, rating, numCompeticoes) VALUES (2,0,0);
INSERT INTO Jogador(id, rating, numCompeticoes) VALUES (3,0,0);
INSERT INTO Jogador(id, rating, numCompeticoes) VALUES (4,0,0);
INSERT INTO Jogador(id, rating, numCompeticoes) VALUES (5,0,0);
INSERT INTO Jogador(id, rating, numCompeticoes) VALUES (6,0,0);
INSERT INTO Jogador(id, rating, numCompeticoes) VALUES (7,0,0);
INSERT INTO Jogador(id, rating, numCompeticoes) VALUES (8,0,0);
INSERT INTO Jogador(id, rating, numCompeticoes) VALUES (9,0,0);
INSERT INTO Jogador(id, rating, numCompeticoes) VALUES (10,0,0);
INSERT INTO Jogador(id, rating, numCompeticoes) VALUES (11,0,0);
INSERT INTO Jogador(id, rating, numCompeticoes) VALUES (12,0,0);
INSERT INTO Jogador(id, rating, numCompeticoes) VALUES (13,0,0);
INSERT INTO Jogador(id, rating, numCompeticoes) VALUES (14,0,0);
INSERT INTO Jogador(id, rating, numCompeticoes) VALUES (15,0,0);
INSERT INTO Jogador(id, rating, numCompeticoes) VALUES (16,0,0);
INSERT INTO Jogador(id, rating, numCompeticoes) VALUES (17,0,0);
INSERT INTO Jogador(id, rating, numCompeticoes) VALUES (18,0,0);
INSERT INTO Jogador(id, rating, numCompeticoes) VALUES (19,0,0);
INSERT INTO Jogador(id, rating, numCompeticoes) VALUES (20,0,0);
INSERT INTO Jogador(id, rating, numCompeticoes) VALUES (21,0,0);
INSERT INTO Jogador(id, rating, numCompeticoes) VALUES (22,0,0);
INSERT INTO Jogador(id, rating, numCompeticoes) VALUES (23,0,0);
INSERT INTO Jogador(id, rating, numCompeticoes) VALUES (24,0,0);
INSERT INTO Jogador(id, rating, numCompeticoes) VALUES (25,0,0);
INSERT INTO Jogador(id, rating, numCompeticoes) VALUES (26,0,0);
INSERT INTO Jogador(id, rating, numCompeticoes) VALUES (27,0,0);
INSERT INTO Jogador(id, rating, numCompeticoes) VALUES (28,0,0);
INSERT INTO Jogador(id, rating, numCompeticoes) VALUES (29,0,0);

INSERT INTO Organizador(id, pontosContribuicao) VALUES (1, 0);
INSERT INTO Organizador(id, pontosContribuicao) VALUES (6, 0);
INSERT INTO Organizador(id, pontosContribuicao) VALUES (7, 0);
INSERT INTO Organizador(id, pontosContribuicao) VALUES (8, 0);
INSERT INTO Organizador(id, pontosContribuicao) VALUES (9, 0);
INSERT INTO Organizador(id, pontosContribuicao) VALUES (14, 0);
INSERT INTO Organizador(id, pontosContribuicao) VALUES (17, 0);
INSERT INTO Organizador(id, pontosContribuicao) VALUES (29, 0);

INSERT INTO Empresa(id, website, numeroTelefone) VALUES (30, "galp.pt", 921736123);
INSERT INTO Empresa(id, website, numeroTelefone) VALUES (31, NULL, 976123241);
INSERT INTO Empresa(id, website, numeroTelefone) VALUES (32, NULL, 971238742);
INSERT INTO Empresa(id, website, numeroTelefone) VALUES (33, "amazon.es", 910924521);
INSERT INTO Empresa(id, website, numeroTelefone) VALUES (34, "facebook.com", 913621842);
INSERT INTO Empresa(id, website, numeroTelefone) VALUES (35, "facebook.com", 913621842);

INSERT INTO Mensagem(id, idUtilizadorRemetente, idUtilizadorDestinatario, texto, datetime) VALUES (0, 31, 13, "Bom dia Yasmin, verificamos suas informações e gostaríamos de agendar uma reunião caso tenha interesse.", strftime('%s', '2021-02-09 04:02:53'));
INSERT INTO Mensagem(id, idUtilizadorRemetente, idUtilizadorDestinatario, texto, datetime) VALUES (1, 13, 31, "Bom dia!!! Certamente tenho interesse.", strftime('%s', '2021-02-09 04:03:31'));
INSERT INTO Mensagem(id, idUtilizadorRemetente, idUtilizadorDestinatario, texto, datetime) VALUES (2, 13, 31, "Onde e quando seria a reunião?", strftime('%s', '2021-02-09 04:03:55'));
INSERT INTO Mensagem(id, idUtilizadorRemetente, idUtilizadorDestinatario, texto, datetime) VALUES (3, 31, 13, "Se possível, 14h na próxima terça em nossa unidade em Campanhã", strftime('%s', '2021-02-09 04:05:18'));
INSERT INTO Mensagem(id, idUtilizadorRemetente, idUtilizadorDestinatario, texto, datetime) VALUES (4, 13, 31, "Combinado. Obrigado pela atenção e pela oportunidade.", strftime('%s','2021-02-09 04:05:50'));
INSERT INTO Mensagem(id, idUtilizadorRemetente, idUtilizadorDestinatario, texto, datetime) VALUES (5, 31, 13, "Obrigado nós Yasmin, tenha um bom dia.", strftime('%s', '2021-02-09 04:06:21'));
INSERT INTO Mensagem(id, idUtilizadorRemetente, idUtilizadorDestinatario, texto, datetime) VALUES (6, 3, 5, "Olá?", strftime('%s', '2021-02-09 04:06:21'));
INSERT INTO Mensagem(id, idUtilizadorRemetente, idUtilizadorDestinatario, texto, datetime) VALUES (7, 5, 3, "Está lá?", strftime('%s', '2021-02-09 04:07:32'));
INSERT INTO Mensagem(id, idUtilizadorRemetente, idUtilizadorDestinatario, texto, datetime) VALUES (8, 3, 5, "Não.", strftime('%s', '2021-02-09 04:08:47'));
INSERT INTO Mensagem(id, idUtilizadorRemetente, idUtilizadorDestinatario, texto, datetime) VALUES (9,  15, 18, "Knock, knock", strftime('%s', '2021-02-09 04:06:21'));
INSERT INTO Mensagem(id, idUtilizadorRemetente, idUtilizadorDestinatario, texto, datetime) VALUES (10, 18, 15, "Who's there", strftime('%s', '2021-03-13 17:27:21'));
INSERT INTO Mensagem(id, idUtilizadorRemetente, idUtilizadorDestinatario, texto, datetime) VALUES (11, 15, 18, "Atch.", strftime('%s', '2021-03-13 17:28:21'));
INSERT INTO Mensagem(id, idUtilizadorRemetente, idUtilizadorDestinatario, texto, datetime) VALUES (12, 18, 15, "Atch who?", strftime('%s', '2021-03-13 17:29:21'));
INSERT INTO Mensagem(id, idUtilizadorRemetente, idUtilizadorDestinatario, texto, datetime) VALUES (13, 15, 18, "Bless you!", strftime('%s', '2021-03-13 17:30:01'));
INSERT INTO Mensagem(id, idUtilizadorRemetente, idUtilizadorDestinatario, texto, datetime) VALUES (14, 22, 17, "Want to earn money doing absolutely nothing!? Click here to found out more! [insert scam link here]", strftime('%s', '2021-04-02 04:06:21'));
INSERT INTO Mensagem(id, idUtilizadorRemetente, idUtilizadorDestinatario, texto, datetime) VALUES (15, 22, 11, "Want to earn money doing absolutely nothing!? Click here to found out more! [insert scam link here]", strftime('%s', '2021-04-02 04:06:21'));
INSERT INTO Mensagem(id, idUtilizadorRemetente, idUtilizadorDestinatario, texto, datetime) VALUES (16, 22, 7, "Want to earn money doing absolutely nothing!? Click here to found out more! [insert scam link here]", strftime('%s', '2021-04-02 04:06:21'));


------ Localização ------
INSERT INTO Localizacao(pais, cidade, endereco) VALUES ('Portugal', 'Porto', 'Rua 1');
INSERT INTO Localizacao(pais, cidade, endereco) VALUES ('Portugal', 'Porto', 'Rua 2');
INSERT INTO Localizacao(pais, cidade, endereco) VALUES ('Portugal', 'Porto', 'Rua 3');
INSERT INTO Localizacao(pais, cidade, endereco) VALUES ('Portugal', 'Lisboa', 'Rua 1');
INSERT INTO Localizacao(pais, cidade, endereco) VALUES ('Portugal', 'Coimbra', 'Rua 2');
INSERT INTO Localizacao(pais, cidade, endereco) VALUES ('United Kingdom', 'Edinburgh', 'Street 1');
INSERT INTO Localizacao(pais, cidade, endereco) VALUES ('United Kingdom', 'Birmingham', 'Street 2');
INSERT INTO Localizacao(pais, cidade, endereco) VALUES ('United Kingdom', 'London', 'Street 3');
INSERT INTO Localizacao(pais, cidade, endereco) VALUES ('Germany', 'Berlin', 'Straße 1');
INSERT INTO Localizacao(pais, cidade, endereco) VALUES ('Germany', 'Munich', 'Straße 1');
INSERT INTO Localizacao(pais, cidade, endereco) VALUES ('Germany', 'Frankfurt', 'Straße 1');
INSERT INTO Localizacao(pais, cidade, endereco) VALUES ('United States of America', 'Memphis', 'Street 1');
INSERT INTO Localizacao(pais, cidade, endereco) VALUES ('Egypt', 'Memphis', 'Street 1');
INSERT INTO Localizacao(pais, cidade, endereco) VALUES ('Egypt', 'Memphis', 'شارع 1');

------ Oferta Emprego ------
INSERT INTO OfertaEmprego(id, posicao, informacao, salario, dataCriacao, idEmpresa, localPais, localCidade, localEndereco) 
     VALUES (0, 'Full stack Developer', 'We offer a good salary', 12000.0, strftime('%s', '2019-08-01'), 30, 'Portugal', 'Porto', 'Rua 2');
INSERT INTO OfertaEmprego(id, posicao, informacao, salario, dataCriacao, idEmpresa, localPais, localCidade, localEndereco) 
     VALUES (1, 'Software Developer', 'Working here is great!', 50000.0, strftime('%s','2020-11-30'), 31, 'Portugal', 'Coimbra', 'Rua 2');
INSERT INTO OfertaEmprego(id, posicao, informacao, salario, dataCriacao, idEmpresa, localPais, localCidade, localEndereco)
     VALUES (2, 'Software Developer', '404 Information not found', 79999.1, strftime('%s', '2020-02-09 04:06:21'), 30, 'Portugal', 'Porto', 'Rua 2');
INSERT INTO OfertaEmprego(id, posicao, informacao, salario, dataCriacao, idEmpresa, localPais, localCidade, localEndereco) 
     VALUES (3, 'Junior Backend Developer', 'Required: At least 5 years of Java experience', 75000.80, strftime('%s','2020-03-23'), 31, 'Egypt', 'Memphis', 'شارع 1');
INSERT INTO OfertaEmprego(id, posicao, informacao, salario, dataCriacao, idEmpresa, localPais, localCidade, localEndereco) 
     VALUES (4, 'Senior Software Engineer', 'German Engineering is the best engineering', 79999.1, strftime('%s','2020-02-05'), 33, 'Germany', 'Berlin', 'Straße 1');
INSERT INTO OfertaEmprego(id, posicao, informacao, salario, dataCriacao, idEmpresa, localPais, localCidade, localEndereco) 
     VALUES (5, 'Data Scientist', '[Insert information here]', 100000.0, strftime('%s','2020-03-27'), 35, 'United States of America', 'Memphis', 'Street 1');
INSERT INTO OfertaEmprego(id, posicao, informacao, salario, dataCriacao, idEmpresa, localPais, localCidade, localEndereco) 
     VALUES (6, 'Remote Frontend Developer', '[Insert information here]', 125000.0, strftime('%s','2020-03-27'), 34, NULL, NULL, NULL);


------ Candidatura ------
INSERT INTO Candidatura(idOferta, idJogador, dataCandidatura) VALUES (0, 0, strftime('%s',"2019-09-13"));
INSERT INTO Candidatura(idOferta, idJogador, dataCandidatura) VALUES (0, 1, strftime('%s',"2019-10-28"));
INSERT INTO Candidatura(idOferta, idJogador, dataCandidatura) VALUES (0, 2, strftime('%s',"2021-02-06"));
INSERT INTO Candidatura(idOferta, idJogador, dataCandidatura) VALUES (0, 10, strftime('%s',"2019-10-13"));
INSERT INTO Candidatura(idOferta, idJogador, dataCandidatura) VALUES (0, 4, strftime('%s',"2019-10-28"));
INSERT INTO Candidatura(idOferta, idJogador, dataCandidatura) VALUES (0, 13, strftime('%s',"2021-02-06"));
INSERT INTO Candidatura(idOferta, idJogador, dataCandidatura) VALUES (0, 12, strftime('%s',"2019-12-13"));
INSERT INTO Candidatura(idOferta, idJogador, dataCandidatura) VALUES (0, 24, strftime('%s',"2019-10-28"));
INSERT INTO Candidatura(idOferta, idJogador, dataCandidatura) VALUES (0, 15, strftime('%s',"2021-02-06"));
INSERT INTO Candidatura(idOferta, idJogador, dataCandidatura) VALUES (1, 1, strftime('%s',"2020-12-06"));
INSERT INTO Candidatura(idOferta, idJogador, dataCandidatura) VALUES (1, 2, strftime('%s',"2020-12-01"));
INSERT INTO Candidatura(idOferta, idJogador, dataCandidatura) VALUES (1, 3, strftime('%s',"2021-01-24"));
INSERT INTO Candidatura(idOferta, idJogador, dataCandidatura) VALUES (2, 4, strftime('%s',"2021-02-06"));
INSERT INTO Candidatura(idOferta, idJogador, dataCandidatura) VALUES (2, 5, strftime('%s',"2021-03-25"));
INSERT INTO Candidatura(idOferta, idJogador, dataCandidatura) VALUES (2, 6, strftime('%s',"2021-02-06"));
INSERT INTO Candidatura(idOferta, idJogador, dataCandidatura) VALUES (2, 7, strftime('%s',"2021-03-25"));
INSERT INTO Candidatura(idOferta, idJogador, dataCandidatura) VALUES (2, 8, strftime('%s',"2021-02-06"));
INSERT INTO Candidatura(idOferta, idJogador, dataCandidatura) VALUES (2, 14, strftime('%s',"2021-03-25"));
INSERT INTO Candidatura(idOferta, idJogador, dataCandidatura) VALUES (2, 15, strftime('%s',"2021-02-06"));
INSERT INTO Candidatura(idOferta, idJogador, dataCandidatura) VALUES (2, 20, strftime('%s',"2021-03-25"));
INSERT INTO Candidatura(idOferta, idJogador, dataCandidatura) VALUES (2, 23, strftime('%s',"2021-02-06"));
INSERT INTO Candidatura(idOferta, idJogador, dataCandidatura) VALUES (2, 25, strftime('%s',"2021-03-25"));
INSERT INTO Candidatura(idOferta, idJogador, dataCandidatura) VALUES (2, 27, strftime('%s',"2021-02-06"));

INSERT INTO Candidatura(idOferta, idJogador, dataCandidatura) VALUES (3, 17, strftime('%s',"2021-03-25"));
INSERT INTO Candidatura(idOferta, idJogador, dataCandidatura) VALUES (3, 11, strftime('%s',"2021-02-06"));
INSERT INTO Candidatura(idOferta, idJogador, dataCandidatura) VALUES (3, 12, strftime('%s',"2021-03-25"));
INSERT INTO Candidatura(idOferta, idJogador, dataCandidatura) VALUES (3, 13, strftime('%s',"2021-02-06"));
INSERT INTO Candidatura(idOferta, idJogador, dataCandidatura) VALUES (3, 18, strftime('%s',"2021-02-06"));
INSERT INTO Candidatura(idOferta, idJogador, dataCandidatura) VALUES (3, 24, strftime('%s',"2021-03-25"));
INSERT INTO Candidatura(idOferta, idJogador, dataCandidatura) VALUES (3, 25, strftime('%s',"2021-02-06"));
INSERT INTO Candidatura(idOferta, idJogador, dataCandidatura) VALUES (3, 20, strftime('%s',"2021-03-25"));
INSERT INTO Candidatura(idOferta, idJogador, dataCandidatura) VALUES (3, 23, strftime('%s',"2021-02-06"));
INSERT INTO Candidatura(idOferta, idJogador, dataCandidatura) VALUES (3, 27, strftime('%s',"2021-02-06"));
INSERT INTO Candidatura(idOferta, idJogador, dataCandidatura) VALUES (4, 17, strftime('%s',"2021-03-25"));
INSERT INTO Candidatura(idOferta, idJogador, dataCandidatura) VALUES (4, 11, strftime('%s',"2021-02-06"));
INSERT INTO Candidatura(idOferta, idJogador, dataCandidatura) VALUES (4, 12, strftime('%s',"2021-03-25"));
INSERT INTO Candidatura(idOferta, idJogador, dataCandidatura) VALUES (4, 13, strftime('%s',"2021-02-06"));
INSERT INTO Candidatura(idOferta, idJogador, dataCandidatura) VALUES (4, 18, strftime('%s',"2021-02-06"));
INSERT INTO Candidatura(idOferta, idJogador, dataCandidatura) VALUES (4, 24, strftime('%s',"2021-03-25"));
INSERT INTO Candidatura(idOferta, idJogador, dataCandidatura) VALUES (4, 25, strftime('%s',"2021-02-06"));
INSERT INTO Candidatura(idOferta, idJogador, dataCandidatura) VALUES (4, 20, strftime('%s',"2021-03-25"));
INSERT INTO Candidatura(idOferta, idJogador, dataCandidatura) VALUES (4, 23, strftime('%s',"2021-02-06"));
INSERT INTO Candidatura(idOferta, idJogador, dataCandidatura) VALUES (4, 27, strftime('%s',"2021-02-06"));
INSERT INTO Candidatura(idOferta, idJogador, dataCandidatura) VALUES (5, 17, strftime('%s',"2021-03-25"));
INSERT INTO Candidatura(idOferta, idJogador, dataCandidatura) VALUES (5, 11, strftime('%s',"2021-02-06"));
INSERT INTO Candidatura(idOferta, idJogador, dataCandidatura) VALUES (5, 12, strftime('%s',"2021-03-25"));
INSERT INTO Candidatura(idOferta, idJogador, dataCandidatura) VALUES (5, 13, strftime('%s',"2021-02-06"));
INSERT INTO Candidatura(idOferta, idJogador, dataCandidatura) VALUES (5, 18, strftime('%s',"2021-02-06"));
INSERT INTO Candidatura(idOferta, idJogador, dataCandidatura) VALUES (5, 24, strftime('%s',"2021-03-25"));
INSERT INTO Candidatura(idOferta, idJogador, dataCandidatura) VALUES (5, 25, strftime('%s',"2021-02-06"));
INSERT INTO Candidatura(idOferta, idJogador, dataCandidatura) VALUES (5, 20, strftime('%s',"2021-03-25"));
INSERT INTO Candidatura(idOferta, idJogador, dataCandidatura) VALUES (5, 23, strftime('%s',"2021-02-06"));
INSERT INTO Candidatura(idOferta, idJogador, dataCandidatura) VALUES (5, 27, strftime('%s',"2021-02-06"));
INSERT INTO Candidatura(idOferta, idJogador, dataCandidatura) VALUES (6, 17, strftime('%s',"2021-03-25"));
INSERT INTO Candidatura(idOferta, idJogador, dataCandidatura) VALUES (6, 11, strftime('%s',"2021-02-06"));
INSERT INTO Candidatura(idOferta, idJogador, dataCandidatura) VALUES (6, 12, strftime('%s',"2021-03-25"));
INSERT INTO Candidatura(idOferta, idJogador, dataCandidatura) VALUES (6, 13, strftime('%s',"2021-02-06"));
INSERT INTO Candidatura(idOferta, idJogador, dataCandidatura) VALUES (6, 18, strftime('%s',"2021-02-06"));

------ Competição ------
-- Code Jam --
INSERT INTO Competicao(id, titulo, descricao, datetimeInicio, datetimeFim, premio)
    VALUES (0, "Google Code Jam Qualification Round", "404 Description not found", strftime('%s',"2021-03-26 18:00:00"), strftime('%s',"2021-03-27 18:00:00"), NULL);
INSERT INTO Competicao(id, titulo, descricao, datetimeInicio, datetimeFim, premio)
    VALUES (1, "Google Code Jam Round 1", "An very interesting description could be included", strftime('%s',"2021-05-12 14:00:00"), strftime('%s',"2021-05-12 15:00:00"), NULL);
INSERT INTO Competicao(id, titulo, descricao, datetimeInicio, datetimeFim, premio)
    VALUES (2, "Google Code Jam Round 2", "404 Description not found", strftime('%s',"2021-06-23 18:00:00"), strftime('%s',"2021-06-23 20:00:00"), "Code Jam T-Shirt");
INSERT INTO Competicao(id, titulo, descricao, datetimeInicio, datetimeFim, premio)
    VALUES (3, "Google Code Jam Round 3", "404 Description not found", strftime('%s',"2021-07-26 18:00:00"), strftime('%s',"2021-07-26 20:00:00"), NULL);
INSERT INTO Competicao(id, titulo, descricao, datetimeInicio, datetimeFim, premio)
    VALUES (4, "Google Code Jam Final", "404 Description not found", strftime('%s',"2021-09-13 16:00:00"), strftime('%s',"2021-09-13 18:00:00"), "$15000");
-- Other --
INSERT INTO Competicao(id, titulo, descricao, datetimeInicio, datetimeFim, premio)
    VALUES (7, "Facebook Hacker Cup", "Ipsum Lorem", strftime('%s',"2019-05-07 15:00:00"), strftime('%s',"2019-05-07 18:00:00"), "$20000");
INSERT INTO Competicao(id, titulo, descricao, datetimeInicio, datetimeFim, premio)
    VALUES (5, "Facebook Hacker Cup", "Ipsum Lorem", strftime('%s',"2021-05-07 15:00:00"), strftime('%s',"2021-05-07 18:00:00"), "$20000");
INSERT INTO Competicao(id, titulo, descricao, datetimeInicio, datetimeFim, premio)
    VALUES (6, "Unrated Competition", "[Description goes here]", strftime('%s',"2021-03-27 07:00:00"), strftime('%s',"2021-03-27 09:00:00"), NULL);

------ Participação ------
-- Code Jam --
INSERT INTO Participacao(idJogador, idCompeticao, dataInscricao, posicao, mudancaRating) VALUES (0, 0, strftime('%s',"2021-03-25 21:30:23"), 3, 30);
INSERT INTO Participacao(idJogador, idCompeticao, dataInscricao, posicao, mudancaRating) VALUES (1, 0, strftime('%s',"2021-03-26 17:59:59"), 4, 10);
INSERT INTO Participacao(idJogador, idCompeticao, dataInscricao, posicao, mudancaRating) VALUES (2, 0, strftime('%s',"2021-03-11 15:22:37"), 6, 0);
INSERT INTO Participacao(idJogador, idCompeticao, dataInscricao, posicao, mudancaRating) VALUES (3, 0, strftime('%s',"2021-03-25 01:00:00"), 5, 5);
INSERT INTO Participacao(idJogador, idCompeticao, dataInscricao, posicao, mudancaRating) VALUES (4, 0, strftime('%s',"2021-03-26 09:00:00"), 2, 100);
INSERT INTO Participacao(idJogador, idCompeticao, dataInscricao, posicao, mudancaRating) VALUES (5, 0, strftime('%s',"2021-03-26 07:30:00"), 1, 220);
INSERT INTO Participacao(idJogador, idCompeticao, dataInscricao, posicao, mudancaRating) VALUES (0, 1, strftime('%s',"2021-03-27 23:00:00"), NULL, NULL);
INSERT INTO Participacao(idJogador, idCompeticao, dataInscricao, posicao, mudancaRating) VALUES (1, 1, strftime('%s',"2021-03-27 23:00:00"), NULL, NULL);
INSERT INTO Participacao(idJogador, idCompeticao, dataInscricao, posicao, mudancaRating) VALUES (3, 1, strftime('%s',"2021-03-27 23:00:00"), NULL, NULL);
INSERT INTO Participacao(idJogador, idCompeticao, dataInscricao, posicao, mudancaRating) VALUES (4, 1, strftime('%s',"2021-03-27 23:00:00"), NULL, NULL);
INSERT INTO Participacao(idJogador, idCompeticao, dataInscricao, posicao, mudancaRating) VALUES (5, 1, strftime('%s',"2021-03-27 23:00:00"), NULL, NULL);
INSERT INTO Participacao(idJogador, idCompeticao, dataInscricao, posicao, mudancaRating) VALUES (0, 2, strftime('%s',"2021-03-17 20:00:00"), NULL, NULL);
INSERT INTO Participacao(idJogador, idCompeticao, dataInscricao, posicao, mudancaRating) VALUES (1, 2, strftime('%s',"2021-03-17 20:00:00"), NULL, NULL);
INSERT INTO Participacao(idJogador, idCompeticao, dataInscricao, posicao, mudancaRating) VALUES (3, 2, strftime('%s',"2021-03-17 20:00:00"), NULL, NULL);
INSERT INTO Participacao(idJogador, idCompeticao, dataInscricao, posicao, mudancaRating) VALUES (4, 2, strftime('%s',"2021-03-17 20:00:00"), NULL, NULL);
INSERT INTO Participacao(idJogador, idCompeticao, dataInscricao, posicao, mudancaRating) VALUES (0, 3, strftime('%s',"2021-03-23 23:00:00"), NULL, NULL);
INSERT INTO Participacao(idJogador, idCompeticao, dataInscricao, posicao, mudancaRating) VALUES (3, 3, strftime('%s',"2021-03-23 23:00:00"), NULL, NULL);
INSERT INTO Participacao(idJogador, idCompeticao, dataInscricao, posicao, mudancaRating) VALUES (4, 3, strftime('%s',"2021-03-23 23:00:00"), NULL, NULL);
INSERT INTO Participacao(idJogador, idCompeticao, dataInscricao, posicao, mudancaRating) VALUES (0, 4, strftime('%s',"2021-03-26 23:00:00"), NULL, NULL);
INSERT INTO Participacao(idJogador, idCompeticao, dataInscricao, posicao, mudancaRating) VALUES (3, 4, strftime('%s',"2021-03-26 23:00:00"), NULL, NULL);

INSERT INTO Participacao(idJogador, idCompeticao, dataInscricao, posicao, mudancaRating) VALUES (2, 5, strftime('%s',"2021-03-06 18:32:22"), NULL, NULL);
INSERT INTO Participacao(idJogador, idCompeticao, dataInscricao, posicao, mudancaRating) VALUES (4, 5, strftime('%s',"2021-03-06 18:32:22"), NULL, NULL);
INSERT INTO Participacao(idJogador, idCompeticao, dataInscricao, posicao, mudancaRating) VALUES (5, 5, strftime('%s',"2021-03-06 18:32:22"), NULL, NULL);

INSERT INTO Participacao(idJogador, idCompeticao, dataInscricao, posicao, mudancaRating) VALUES (5, 6, strftime('%s',"2021-02-26 18:32:22"), 3, NULL);
INSERT INTO Participacao(idJogador, idCompeticao, dataInscricao, posicao, mudancaRating) VALUES (2, 6, strftime('%s',"2021-02-26 12:12:42"), 1, NULL);
INSERT INTO Participacao(idJogador, idCompeticao, dataInscricao, posicao, mudancaRating) VALUES (0, 6, strftime('%s',"2021-02-26 15:57:00"), 2, NULL);
INSERT INTO Participacao(idJogador, idCompeticao, dataInscricao, posicao, mudancaRating) VALUES (1, 6, strftime('%s',"2021-02-26 07:15:39"), 4, NULL);

INSERT INTO Participacao(idJogador, idCompeticao, dataInscricao, posicao, mudancaRating) VALUES (2, 7, strftime('%s',"2019-03-06 18:32:22"), 1, 250);
INSERT INTO Participacao(idJogador, idCompeticao, dataInscricao, posicao, mudancaRating) VALUES (4, 7, strftime('%s',"2019-03-02 19:51:42"), 3, 25);
INSERT INTO Participacao(idJogador, idCompeticao, dataInscricao, posicao, mudancaRating) VALUES (5, 7, strftime('%s',"2019-03-03 12:32:35"), 2, 100);

------ Contribuição ------
INSERT INTO Contribuicao(idOrganizador, idCompeticao) VALUES (7, 0);
INSERT INTO Contribuicao(idOrganizador, idCompeticao) VALUES (7, 1);
INSERT INTO Contribuicao(idOrganizador, idCompeticao) VALUES (8, 1);
INSERT INTO Contribuicao(idOrganizador, idCompeticao) VALUES (7, 2);
INSERT INTO Contribuicao(idOrganizador, idCompeticao) VALUES (8, 2);
INSERT INTO Contribuicao(idOrganizador, idCompeticao) VALUES (7, 3);
INSERT INTO Contribuicao(idOrganizador, idCompeticao) VALUES (8, 3);
INSERT INTO Contribuicao(idOrganizador, idCompeticao) VALUES (7, 4);
INSERT INTO Contribuicao(idOrganizador, idCompeticao) VALUES (9, 4);
INSERT INTO Contribuicao(idOrganizador, idCompeticao) VALUES (8, 4);
INSERT INTO Contribuicao(idOrganizador, idCompeticao) VALUES (7, 5);
INSERT INTO Contribuicao(idOrganizador, idCompeticao) VALUES (6, 5);
INSERT INTO Contribuicao(idOrganizador, idCompeticao) VALUES (6, 6);

------ Curso ------
INSERT INTO Curso(id, titulo, descricao, nivel, preco) VALUES (0, "MIEIC", NULL, "Avancado", 70);
INSERT INTO Curso(id, titulo, descricao, nivel, preco) VALUES (1, "Learn how to use SQL", "In this course we will teach you how to use SQL", "Iniciante", 0);
INSERT INTO Curso(id, titulo, descricao, nivel, preco) VALUES (2, "CS50: Introduction to Computer Science", NULL, "Medio", 0);
INSERT INTO Curso(id, titulo, descricao, nivel, preco) VALUES (3, "CS50's Web Programming with Python and JavaScript", "12 weeks long", "Avancado", 50);
INSERT INTO Curso(id, titulo, descricao, nivel, preco) VALUES (4, "Quantitative Methods for Biology" , NULL, "Avancado", 10);
INSERT INTO Curso(id, titulo, descricao, nivel, preco) VALUES (5, "Learn to code", "We offer you the best material", "Iniciante", 0);
INSERT INTO Curso(id, titulo, descricao, nivel, preco) VALUES (6, "MIEEC", NULL, "Avancado", 70);
INSERT INTO Curso(id, titulo, descricao, nivel, preco) VALUES (7, "Intro to JS: Drawing & Animation", NULL, "Medio", 25);

------ Problema ------
INSERT INTO Problema(id, titulo, descricao, dificuldade) VALUES (0, "Problema 0", "Problema 0", 0);
INSERT INTO Problema(id, titulo, descricao, dificuldade) VALUES (1, "Factorial recursive", "Create a program that calculates the factorial of a number using recursion", 5);
INSERT INTO Problema(id, titulo, descricao, dificuldade) VALUES (2, "Change making problem", "Change making problem", 8);
INSERT INTO Problema(id, titulo, descricao, dificuldade) VALUES (3, "Square root", "Implement a method that calculates the square root of a number", 1);
INSERT INTO Problema(id, titulo, descricao, dificuldade) VALUES (4, "Problema 4", "Problema 4", 4);
INSERT INTO Problema(id, titulo, descricao, dificuldade) VALUES (5, "Implement the serial port", "The serial port is...", 10);
INSERT INTO Problema(id, titulo, descricao, dificuldade) VALUES (6, "Problem 6", "Problem 6", 6);
INSERT INTO Problema(id, titulo, descricao, dificuldade) VALUES (7, "Biology is cool", "Biology related programming", 7);

------ Informação ------

-- [NOTA relativa à querie 2] O jogador 2 participou em todos os cursos, mas não foi aprovado em todos

INSERT INTO Informacao(idCurso, idJogador, dataInicio, dataFim, nota) VALUES (0, 0, strftime('%s',"2021-03-23 23:00:00"), strftime('%s',"2021-03-24 23:00:00"), 20);
INSERT INTO Informacao(idCurso, idJogador, dataInicio, dataFim, nota) VALUES (0, 4, strftime('%s',"2021-03-23 23:00:00"), strftime('%s',"2021-03-24 23:00:00"), 17);
INSERT INTO Informacao(idCurso, idJogador, dataInicio, dataFim, nota) VALUES (0, 7, strftime('%s',"2021-03-23 23:00:00"), strftime('%s',"2021-03-24 23:00:00"), 14);
INSERT INTO Informacao(idCurso, idJogador, dataInicio, dataFim, nota) VALUES (0, 2, strftime('%s',"2021-03-23 23:00:00"), strftime('%s',"2021-03-24 23:00:00"), 11);
INSERT INTO Informacao(idCurso, idJogador, dataInicio, dataFim, nota) VALUES (1, 0, strftime('%s',"2021-02-12 11:00:00"), strftime('%s',"2021-02-23 23:00:00"), 15);
INSERT INTO Informacao(idCurso, idJogador, dataInicio, dataFim, nota) VALUES (1, 1, strftime('%s',"2021-02-12 11:00:00"), strftime('%s',"2021-02-23 23:00:00"), 15);
INSERT INTO Informacao(idCurso, idJogador, dataInicio, dataFim, nota) VALUES (1, 2, strftime('%s',"2021-02-12 11:00:00"), strftime('%s',"2021-02-23 23:00:00"), 12);
INSERT INTO Informacao(idCurso, idJogador, dataInicio, dataFim, nota) VALUES (1, 3, strftime('%s',"2021-02-12 11:00:00"), strftime('%s',"2021-02-23 23:00:00"), 8);
INSERT INTO Informacao(idCurso, idJogador, dataInicio, dataFim, nota) VALUES (1, 4, strftime('%s',"2021-02-12 11:00:00"), strftime('%s',"2021-02-23 23:00:00"), 19);
INSERT INTO Informacao(idCurso, idJogador, dataInicio, dataFim, nota) VALUES (2, 0, strftime('%s',"2021-01-12 16:00:00"), strftime('%s',"2021-02-12 16:00:00"), 15);
INSERT INTO Informacao(idCurso, idJogador, dataInicio, dataFim, nota) VALUES (2, 2, strftime('%s',"2021-01-12 16:00:00"), strftime('%s',"2021-02-12 16:00:00"), 12);
INSERT INTO Informacao(idCurso, idJogador, dataInicio, dataFim, nota) VALUES (2, 4, strftime('%s',"2021-01-12 16:00:00"), strftime('%s',"2021-02-12 16:00:00"), 17);
INSERT INTO Informacao(idCurso, idJogador, dataInicio, dataFim, nota) VALUES (2, 5, strftime('%s',"2021-01-12 16:00:00"), strftime('%s',"2021-02-12 16:00:00"), 13);
INSERT INTO Informacao(idCurso, idJogador, dataInicio, dataFim, nota) VALUES (2, 6, strftime('%s',"2021-01-12 16:00:00"), strftime('%s',"2021-02-12 16:00:00"), 14);
INSERT INTO Informacao(idCurso, idJogador, dataInicio, dataFim, nota) VALUES (3, 0, strftime('%s',"2020-12-24 16:00:00"), strftime('%s',"2021-01-12 16:00:00"), 9.5);
INSERT INTO Informacao(idCurso, idJogador, dataInicio, dataFim, nota) VALUES (3, 1, strftime('%s',"2020-12-24 16:00:00"), strftime('%s',"2021-01-12 16:00:00"), 9.5);
INSERT INTO Informacao(idCurso, idJogador, dataInicio, dataFim, nota) VALUES (3, 2, strftime('%s',"2020-12-24 16:00:00"), strftime('%s',"2021-01-12 16:00:00"), 8);
INSERT INTO Informacao(idCurso, idJogador, dataInicio, dataFim, nota) VALUES (3, 4, strftime('%s',"2020-12-24 16:00:00"), strftime('%s',"2021-01-12 16:00:00"), 13);
INSERT INTO Informacao(idCurso, idJogador, dataInicio, dataFim, nota) VALUES (3, 3, strftime('%s',"2020-12-24 16:00:00"), strftime('%s',"2020-12-25 16:00:00"), 14);
INSERT INTO Informacao(idCurso, idJogador, dataInicio, dataFim, nota) VALUES (4, 0, strftime('%s',"2020-08-13 16:00:00"), strftime('%s',"2020-10-24 19:00:00"), 18);
INSERT INTO Informacao(idCurso, idJogador, dataInicio, dataFim, nota) VALUES (4, 2, strftime('%s',"2020-08-13 16:00:00"), strftime('%s',"2020-10-24 19:00:00"), 18);
INSERT INTO Informacao(idCurso, idJogador, dataInicio, dataFim, nota) VALUES (4, 4, strftime('%s',"2020-08-13 16:00:00"), strftime('%s',"2020-10-24 19:00:00"), 18);
INSERT INTO Informacao(idCurso, idJogador, dataInicio, dataFim, nota) VALUES (5, 0, strftime('%s',"2020-05-17 16:00:00"), strftime('%s',"2020-06-17 16:00:00"), 19);
INSERT INTO Informacao(idCurso, idJogador, dataInicio, dataFim, nota) VALUES (5, 4, strftime('%s',"2020-05-17 16:00:00"), strftime('%s',"2020-06-17 16:00:00"), 15);
INSERT INTO Informacao(idCurso, idJogador, dataInicio, dataFim, nota) VALUES (5, 2, strftime('%s',"2020-05-17 16:00:00"), strftime('%s',"2020-06-17 16:00:00"), 7);
INSERT INTO Informacao(idCurso, idJogador, dataInicio, dataFim, nota) VALUES (6, 5, strftime('%s',"2021-02-17 16:00:00"), strftime('%s',"2021-02-26 20:00:00"), 11);
INSERT INTO Informacao(idCurso, idJogador, dataInicio, dataFim, nota) VALUES (6, 4, strftime('%s',"2021-02-17 16:00:00"), strftime('%s',"2021-02-26 20:00:00"), 16);
INSERT INTO Informacao(idCurso, idJogador, dataInicio, dataFim, nota) VALUES (6, 0, strftime('%s',"2021-02-17 16:00:00"), strftime('%s',"2021-02-26 20:00:00"), 19);
INSERT INTO Informacao(idCurso, idJogador, dataInicio, dataFim, nota) VALUES (6, 2, strftime('%s',"2021-02-17 16:00:00"), strftime('%s',"2021-02-26 20:00:00"), 19);
INSERT INTO Informacao(idCurso, idJogador, dataInicio, dataFim, nota) VALUES (7, 6, strftime('%s',"2021-01-17 16:00:00"), strftime('%s',"2021-02-17 16:00:00"), 19);
INSERT INTO Informacao(idCurso, idJogador, dataInicio, dataFim, nota) VALUES (7, 2, strftime('%s',"2021-01-17 16:00:00"), strftime('%s',"2021-02-17 16:00:00"), 9);
INSERT INTO Informacao(idCurso, idJogador, dataInicio, dataFim, nota) VALUES (7, 3, strftime('%s',"2021-01-17 16:00:00"), strftime('%s',"2021-02-17 16:00:00"), 13);
INSERT INTO Informacao(idCurso, idJogador, dataInicio, dataFim, nota) VALUES (7, 0, strftime('%s',"2021-01-17 16:00:00"), strftime('%s',"2021-02-17 16:00:00"), 12);
INSERT INTO Informacao(idCurso, idJogador, dataInicio, dataFim, nota) VALUES (7, 4, strftime('%s',"2021-01-17 16:00:00"), strftime('%s',"2021-02-17 16:00:00"), 16);

------ Aula ------
INSERT INTO Aula(id, texto, videoURL, idCurso) VALUES (0, "MEST", NULL, 0);
INSERT INTO Aula(id, texto, videoURL, idCurso) VALUES (1, "BDAD", NULL, 0);
INSERT INTO Aula(id, texto, videoURL, idCurso) VALUES (2, "LPOO", NULL, 0);
INSERT INTO Aula(id, texto, videoURL, idCurso) VALUES (3, "MNUM(Não existe)", NULL, 0);
INSERT INTO Aula(id, texto, videoURL, idCurso) VALUES (4, "PROG", NULL, 0);
INSERT INTO Aula(id, texto, videoURL, idCurso) VALUES (5, "An introduction to SQL", NULL, 1);
INSERT INTO Aula(id, texto, videoURL, idCurso) VALUES (6, "Conceptual modeling", NULL, 1);
INSERT INTO Aula(id, texto, videoURL, idCurso) VALUES (7, "Creating an sqlite database", NULL, 1);
INSERT INTO Aula(id, texto, videoURL, idCurso) VALUES (8, "Populating an sqlite database", NULL, 1);
INSERT INTO Aula(id, texto, videoURL, idCurso) VALUES (9, "What is Computer Science?", NULL, 2);
INSERT INTO Aula(id, texto, videoURL, idCurso) VALUES (10, "Discrete math", NULL, 2);
INSERT INTO Aula(id, texto, videoURL, idCurso) VALUES (11, "Theory of computation", NULL, 2);
INSERT INTO Aula(id, texto, videoURL, idCurso) VALUES (12, "Getting started with Python", NULL, 3);
INSERT INTO Aula(id, texto, videoURL, idCurso) VALUES (13, "Basics of HTML and CSS", NULL, 3);
INSERT INTO Aula(id, texto, videoURL, idCurso) VALUES (14, "Basics of javascript", NULL, 3);
INSERT INTO Aula(id, texto, videoURL, idCurso) VALUES (15, "Programming in Biology", NULL, 4);
INSERT INTO Aula(id, texto, videoURL, idCurso) VALUES (16, "Introduction to Programming and Computer Science - Full Course", "https://youtu.be/zOjov-2OZ0E", 5);
INSERT INTO Aula(id, texto, videoURL, idCurso) VALUES (17,NULL, "https://youtu.be/dQw4w9WgXcQ", 6);
INSERT INTO Aula(id, texto, videoURL, idCurso) VALUES (18,NULL, "https://youtu.be/FCMxA3m_Imc", 7);

------ ProblemaComSolução ------
INSERT INTO ProblemaComSolucao(idProblema, solucao) VALUES (0, "Just show up");
INSERT INTO ProblemaComSolucao(idProblema, solucao) VALUES (1, "Check the recommended book");
INSERT INTO ProblemaComSolucao(idProblema, solucao) VALUES (2, "Implement a backtracking algorithm");
INSERT INTO ProblemaComSolucao(idProblema, solucao) VALUES (3, "Documentation exists to help you");
INSERT INTO ProblemaComSolucao(idProblema, solucao) VALUES (4, "Solução Problema 4");
INSERT INTO ProblemaComSolucao(idProblema, solucao) VALUES (5, "Give up and do something else");
INSERT INTO ProblemaComSolucao(idProblema, solucao) VALUES (6, "Problem 6 solution");
INSERT INTO ProblemaComSolucao(idProblema, solucao) VALUES (7, "Use the X algorithm to figure out...");

------ Desafio ------
INSERT INTO Desafio(id, idDesafiador, idDesafiado, descricao) VALUES (0, 0, 1, "Solve the problem before your opponent does");
INSERT INTO Desafio(id, idDesafiador, idDesafiado, descricao) VALUES (1, 2, 3, "The solution with the better time complexety will win");
INSERT INTO Desafio(id, idDesafiador, idDesafiado, descricao) VALUES (2, 4, 5, "5 multiple choice questions, player with more correct answers win");
INSERT INTO Desafio(id, idDesafiador, idDesafiado, descricao) VALUES (3, 6, 7, "Solvee the problem to win the challenge");

------ ProblemaCompetição ------
INSERT INTO ProblemaCompeticao(idProblema, idCompeticao) VALUES (0, 0);
INSERT INTO ProblemaCompeticao(idProblema, idCompeticao) VALUES (0, 1);
INSERT INTO ProblemaCompeticao(idProblema, idCompeticao) VALUES (1, 0);
INSERT INTO ProblemaCompeticao(idProblema, idCompeticao) VALUES (1, 1);
INSERT INTO ProblemaCompeticao(idProblema, idCompeticao) VALUES (2, 3);
INSERT INTO ProblemaCompeticao(idProblema, idCompeticao) VALUES (3, 2);
INSERT INTO ProblemaCompeticao(idProblema, idCompeticao) VALUES (3, 4);
INSERT INTO ProblemaCompeticao(idProblema, idCompeticao) VALUES (4, 4);
INSERT INTO ProblemaCompeticao(idProblema, idCompeticao) VALUES (5, 5);
INSERT INTO ProblemaCompeticao(idProblema, idCompeticao) VALUES (6, 5);
INSERT INTO ProblemaCompeticao(idProblema, idCompeticao) VALUES (7, 6);
INSERT INTO ProblemaCompeticao(idProblema, idCompeticao) VALUES (2, 6);
INSERT INTO ProblemaCompeticao(idProblema, idCompeticao) VALUES (5, 7);
INSERT INTO ProblemaCompeticao(idProblema, idCompeticao) VALUES (6, 7);


------ ProblemaAula ------
INSERT INTO ProblemaAula(idProblema, idAula) VALUES (0, 1);
INSERT INTO ProblemaAula(idProblema, idAula) VALUES (0, 0);
INSERT INTO ProblemaAula(idProblema, idAula) VALUES (1, 1);
INSERT INTO ProblemaAula(idProblema, idAula) VALUES (2, 2);
INSERT INTO ProblemaAula(idProblema, idAula) VALUES (3, 2);
INSERT INTO ProblemaAula(idProblema, idAula) VALUES (4, 3);
INSERT INTO ProblemaAula(idProblema, idAula) VALUES (5, 3);
INSERT INTO ProblemaAula(idProblema, idAula) VALUES (7, 4);
INSERT INTO ProblemaAula(idProblema, idAula) VALUES (6, 4);
INSERT INTO ProblemaAula(idProblema, idAula) VALUES (5, 5);
INSERT INTO ProblemaAula(idProblema, idAula) VALUES (2, 5);
INSERT INTO ProblemaAula(idProblema, idAula) VALUES (6, 6);
INSERT INTO ProblemaAula(idProblema, idAula) VALUES (7, 7);

------ ProblemaDesafio ------
INSERT INTO ProblemaDesafio(idProblema, idDesafio) VALUES (1,0);
INSERT INTO ProblemaDesafio(idProblema, idDesafio) VALUES (0,1);
INSERT INTO ProblemaDesafio(idProblema, idDesafio) VALUES (2,2);
INSERT INTO ProblemaDesafio(idProblema, idDesafio) VALUES (3,2);
INSERT INTO ProblemaDesafio(idProblema, idDesafio) VALUES (4,2);
INSERT INTO ProblemaDesafio(idProblema, idDesafio) VALUES (5,2);
INSERT INTO ProblemaDesafio(idProblema, idDesafio) VALUES (6,2);
INSERT INTO ProblemaDesafio(idProblema, idDesafio) VALUES (7,3);
